fishes ,3040,,sharks ,1000,,total ,4040,,Tick ,1
fishes ,4770,,sharks ,1000,,total ,5770,,Tick ,2
fishes ,3925,,sharks ,1000,,total ,4925,,Tick ,3
fishes ,5821,,sharks ,1000,,total ,6821,,Tick ,4
fishes ,5248,,sharks ,978,,total ,6226,,Tick ,5
fishes ,6352,,sharks ,1914,,total ,8266,,Tick ,6
fishes ,5302,,sharks ,1892,,total ,7194,,Tick ,7
fishes ,5405,,sharks ,1874,,total ,7279,,Tick ,8
fishes ,4676,,sharks ,1851,,total ,6527,,Tick ,9
fishes ,4595,,sharks ,1828,,total ,6423,,Tick ,10
fishes ,4039,,sharks ,1708,,total ,5747,,Tick ,11
fishes ,3577,,sharks ,3293,,total ,6870,,Tick ,12
fishes ,2143,,sharks ,3221,,total ,5364,,Tick ,13
fishes ,1279,,sharks ,3134,,total ,4413,,Tick ,14
fishes ,696,,sharks ,3018,,total ,3714,,Tick ,15
fishes ,436,,sharks ,2781,,total ,3217,,Tick ,16
fishes ,263,,sharks ,1510,,total ,1773,,Tick ,17
fishes ,179,,sharks ,1791,,total ,1970,,Tick ,18
fishes ,79,,sharks ,1360,,total ,1439,,Tick ,19
fishes ,96,,sharks ,1170,,total ,1266,,Tick ,20
fishes ,79,,sharks ,1065,,total ,1144,,Tick ,21
fishes ,137,,sharks ,968,,total ,1105,,Tick ,22
fishes ,122,,sharks ,49,,total ,171,,Tick ,23
fishes ,218,,sharks ,44,,total ,262,,Tick ,24
fishes ,190,,sharks ,41,,total ,231,,Tick ,25
fishes ,320,,sharks ,40,,total ,360,,Tick ,26
fishes ,299,,sharks ,39,,total ,338,,Tick ,27
fishes ,487,,sharks ,38,,total ,525,,Tick ,28
fishes ,486,,sharks ,32,,total ,518,,Tick ,29
fishes ,740,,sharks ,64,,total ,804,,Tick ,30
fishes ,728,,sharks ,62,,total ,790,,Tick ,31
fishes ,1024,,sharks ,62,,total ,1086,,Tick ,32
fishes ,1040,,sharks ,62,,total ,1102,,Tick ,33
fishes ,1396,,sharks ,61,,total ,1457,,Tick ,34
fishes ,1424,,sharks ,60,,total ,1484,,Tick ,35
fishes ,1817,,sharks ,120,,total ,1937,,Tick ,36
fishes ,1831,,sharks ,120,,total ,1951,,Tick ,37
fishes ,2244,,sharks ,120,,total ,2364,,Tick ,38
fishes ,2279,,sharks ,120,,total ,2399,,Tick ,39
fishes ,2748,,sharks ,119,,total ,2867,,Tick ,40
fishes ,2810,,sharks ,118,,total ,2928,,Tick ,41
fishes ,3269,,sharks ,234,,total ,3503,,Tick ,42
fishes ,3260,,sharks ,233,,total ,3493,,Tick ,43
fishes ,3680,,sharks ,232,,total ,3912,,Tick ,44
fishes ,3726,,sharks ,231,,total ,3957,,Tick ,45
fishes ,4159,,sharks ,226,,total ,4385,,Tick ,46
fishes ,4210,,sharks ,194,,total ,4404,,Tick ,47
fishes ,4599,,sharks ,348,,total ,4947,,Tick ,48
fishes ,4600,,sharks ,332,,total ,4932,,Tick ,49
fishes ,4951,,sharks ,328,,total ,5279,,Tick ,50
fishes ,4987,,sharks ,317,,total ,5304,,Tick ,51
fishes ,5376,,sharks ,304,,total ,5680,,Tick ,52
fishes ,5441,,sharks ,238,,total ,5679,,Tick ,53
fishes ,5813,,sharks ,452,,total ,6265,,Tick ,54
fishes ,5785,,sharks ,444,,total ,6229,,Tick ,55
fishes ,6108,,sharks ,435,,total ,6543,,Tick ,56
fishes ,6102,,sharks ,422,,total ,6524,,Tick ,57
fishes ,6385,,sharks ,404,,total ,6789,,Tick ,58
fishes ,6422,,sharks ,305,,total ,6727,,Tick ,59
fishes ,6658,,sharks ,562,,total ,7220,,Tick ,60
fishes ,6543,,sharks ,547,,total ,7090,,Tick ,61
fishes ,6693,,sharks ,533,,total ,7226,,Tick ,62
fishes ,6633,,sharks ,526,,total ,7159,,Tick ,63
fishes ,6721,,sharks ,493,,total ,7214,,Tick ,64
fishes ,6669,,sharks ,368,,total ,7037,,Tick ,65
fishes ,6681,,sharks ,678,,total ,7359,,Tick ,66
fishes ,6463,,sharks ,665,,total ,7128,,Tick ,67
fishes ,6354,,sharks ,653,,total ,7007,,Tick ,68
fishes ,6239,,sharks ,636,,total ,6875,,Tick ,69
fishes ,6175,,sharks ,614,,total ,6789,,Tick ,70
fishes ,6134,,sharks ,483,,total ,6617,,Tick ,71
fishes ,6022,,sharks ,879,,total ,6901,,Tick ,72
fishes ,5790,,sharks ,851,,total ,6641,,Tick ,73
fishes ,5585,,sharks ,819,,total ,6404,,Tick ,74
fishes ,5471,,sharks ,796,,total ,6267,,Tick ,75
fishes ,5340,,sharks ,751,,total ,6091,,Tick ,76
fishes ,5322,,sharks ,541,,total ,5863,,Tick ,77
fishes ,5183,,sharks ,986,,total ,6169,,Tick ,78
fishes ,4974,,sharks ,958,,total ,5932,,Tick ,79
fishes ,4799,,sharks ,939,,total ,5738,,Tick ,80
fishes ,4747,,sharks ,915,,total ,5662,,Tick ,81
fishes ,4709,,sharks ,845,,total ,5554,,Tick ,82
fishes ,4758,,sharks ,586,,total ,5344,,Tick ,83
fishes ,4729,,sharks ,1055,,total ,5784,,Tick ,84
fishes ,4562,,sharks ,1024,,total ,5586,,Tick ,85
fishes ,4492,,sharks ,1001,,total ,5493,,Tick ,86
fishes ,4529,,sharks ,978,,total ,5507,,Tick ,87
fishes ,4621,,sharks ,911,,total ,5532,,Tick ,88
fishes ,4750,,sharks ,638,,total ,5388,,Tick ,89
fishes ,4787,,sharks ,1114,,total ,5901,,Tick ,90
fishes ,4657,,sharks ,1081,,total ,5738,,Tick ,91
fishes ,4617,,sharks ,1051,,total ,5668,,Tick ,92
fishes ,4617,,sharks ,1013,,total ,5630,,Tick ,93
fishes ,4692,,sharks ,961,,total ,5653,,Tick ,94
fishes ,4737,,sharks ,708,,total ,5445,,Tick ,95
fishes ,4757,,sharks ,1271,,total ,6028,,Tick ,96
fishes ,4587,,sharks ,1223,,total ,5810,,Tick ,97
fishes ,4558,,sharks ,1187,,total ,5745,,Tick ,98
fishes ,4612,,sharks ,1136,,total ,5748,,Tick ,99
fishes ,4677,,sharks ,1075,,total ,5752,,Tick ,100
fishes ,4793,,sharks ,711,,total ,5504,,Tick ,101
fishes ,4775,,sharks ,1271,,total ,6046,,Tick ,102
fishes ,4560,,sharks ,1243,,total ,5803,,Tick ,103
fishes ,4496,,sharks ,1200,,total ,5696,,Tick ,104
fishes ,4498,,sharks ,1162,,total ,5660,,Tick ,105
fishes ,4477,,sharks ,1103,,total ,5580,,Tick ,106
fishes ,4584,,sharks ,742,,total ,5326,,Tick ,107
fishes ,4482,,sharks ,1328,,total ,5810,,Tick ,108
fishes ,4268,,sharks ,1279,,total ,5547,,Tick ,109
fishes ,4183,,sharks ,1218,,total ,5401,,Tick ,110
fishes ,4148,,sharks ,1172,,total ,5320,,Tick ,111
fishes ,4129,,sharks ,1082,,total ,5211,,Tick ,112
fishes ,4199,,sharks ,705,,total ,4904,,Tick ,113
fishes ,4134,,sharks ,1239,,total ,5373,,Tick ,114
fishes ,3917,,sharks ,1166,,total ,5083,,Tick ,115
fishes ,3793,,sharks ,1120,,total ,4913,,Tick ,116
fishes ,3751,,sharks ,1077,,total ,4828,,Tick ,117
fishes ,3721,,sharks ,1025,,total ,4746,,Tick ,118
fishes ,3793,,sharks ,671,,total ,4464,,Tick ,119
fishes ,3719,,sharks ,1204,,total ,4923,,Tick ,120
fishes ,3565,,sharks ,1157,,total ,4722,,Tick ,121
fishes ,3450,,sharks ,1106,,total ,4556,,Tick ,122
fishes ,3418,,sharks ,1062,,total ,4480,,Tick ,123
fishes ,3434,,sharks ,1000,,total ,4434,,Tick ,124
fishes ,3506,,sharks ,684,,total ,4190,,Tick ,125
fishes ,3486,,sharks ,1139,,total ,4625,,Tick ,126
fishes ,3334,,sharks ,1066,,total ,4400,,Tick ,127
fishes ,3254,,sharks ,1012,,total ,4266,,Tick ,128
fishes ,3287,,sharks ,973,,total ,4260,,Tick ,129
fishes ,3307,,sharks ,904,,total ,4211,,Tick ,130
fishes ,3364,,sharks ,545,,total ,3909,,Tick ,131
fishes ,3342,,sharks ,950,,total ,4292,,Tick ,132
fishes ,3174,,sharks ,916,,total ,4090,,Tick ,133
fishes ,3132,,sharks ,886,,total ,4018,,Tick ,134
fishes ,3150,,sharks ,853,,total ,4003,,Tick ,135
fishes ,3228,,sharks ,804,,total ,4032,,Tick ,136
fishes ,3342,,sharks ,525,,total ,3867,,Tick ,137
fishes ,3420,,sharks ,932,,total ,4352,,Tick ,138
fishes ,3296,,sharks ,900,,total ,4196,,Tick ,139
fishes ,3384,,sharks ,868,,total ,4252,,Tick ,140
fishes ,3393,,sharks ,836,,total ,4229,,Tick ,141
fishes ,3491,,sharks ,789,,total ,4280,,Tick ,142
fishes ,3603,,sharks ,538,,total ,4141,,Tick ,143
fishes ,3631,,sharks ,989,,total ,4620,,Tick ,144
fishes ,3515,,sharks ,964,,total ,4479,,Tick ,145
fishes ,3484,,sharks ,931,,total ,4415,,Tick ,146
fishes ,3508,,sharks ,894,,total ,4402,,Tick ,147
fishes ,3553,,sharks ,835,,total ,4388,,Tick ,148
fishes ,3638,,sharks ,580,,total ,4218,,Tick ,149
fishes ,3705,,sharks ,1017,,total ,4722,,Tick ,150
fishes ,3634,,sharks ,958,,total ,4592,,Tick ,151
fishes ,3616,,sharks ,906,,total ,4522,,Tick ,152
fishes ,3672,,sharks ,870,,total ,4542,,Tick ,153
fishes ,3731,,sharks ,814,,total ,4545,,Tick ,154
fishes ,3879,,sharks ,516,,total ,4395,,Tick ,155
fishes ,3902,,sharks ,896,,total ,4798,,Tick ,156
fishes ,3882,,sharks ,854,,total ,4736,,Tick ,157
fishes ,3874,,sharks ,822,,total ,4696,,Tick ,158
fishes ,3991,,sharks ,800,,total ,4791,,Tick ,159
fishes ,4026,,sharks ,757,,total ,4783,,Tick ,160
fishes ,4177,,sharks ,519,,total ,4696,,Tick ,161
fishes ,4198,,sharks ,934,,total ,5132,,Tick ,162
fishes ,4201,,sharks ,883,,total ,5084,,Tick ,163
fishes ,4183,,sharks ,836,,total ,5019,,Tick ,164
fishes ,4290,,sharks ,793,,total ,5083,,Tick ,165
fishes ,4367,,sharks ,744,,total ,5111,,Tick ,166
fishes ,4544,,sharks ,461,,total ,5005,,Tick ,167
fishes ,4594,,sharks ,829,,total ,5423,,Tick ,168
fishes ,4638,,sharks ,793,,total ,5431,,Tick ,169
fishes ,4640,,sharks ,762,,total ,5402,,Tick ,170
fishes ,4762,,sharks ,730,,total ,5492,,Tick ,171
fishes ,4879,,sharks ,700,,total ,5579,,Tick ,172
fishes ,5034,,sharks ,527,,total ,5561,,Tick ,173
fishes ,5098,,sharks ,972,,total ,6070,,Tick ,174
fishes ,5059,,sharks ,955,,total ,6014,,Tick ,175
fishes ,5029,,sharks ,926,,total ,5955,,Tick ,176
fishes ,5061,,sharks ,876,,total ,5937,,Tick ,177
fishes ,5079,,sharks ,822,,total ,5901,,Tick ,178
fishes ,5192,,sharks ,586,,total ,5778,,Tick ,179
fishes ,5137,,sharks ,1054,,total ,6191,,Tick ,180
fishes ,5034,,sharks ,1005,,total ,6039,,Tick ,181
fishes ,4942,,sharks ,973,,total ,5915,,Tick ,182
fishes ,4990,,sharks ,937,,total ,5927,,Tick ,183
fishes ,4952,,sharks ,880,,total ,5832,,Tick ,184
fishes ,5108,,sharks ,607,,total ,5715,,Tick ,185
fishes ,5005,,sharks ,1124,,total ,6129,,Tick ,186
fishes ,4860,,sharks ,1096,,total ,5956,,Tick ,187
fishes ,4676,,sharks ,1070,,total ,5746,,Tick ,188
fishes ,4766,,sharks ,1045,,total ,5811,,Tick ,189
fishes ,4773,,sharks ,987,,total ,5760,,Tick ,190
fishes ,4943,,sharks ,687,,total ,5630,,Tick ,191
fishes ,4864,,sharks ,1152,,total ,6016,,Tick ,192
fishes ,4786,,sharks ,1109,,total ,5895,,Tick ,193
fishes ,4617,,sharks ,1081,,total ,5698,,Tick ,194
fishes ,4675,,sharks ,1041,,total ,5716,,Tick ,195
fishes ,4611,,sharks ,993,,total ,5604,,Tick ,196
fishes ,4725,,sharks ,743,,total ,5468,,Tick ,197
fishes ,4569,,sharks ,1350,,total ,5919,,Tick ,198
fishes ,4383,,sharks ,1305,,total ,5688,,Tick ,199
fishes ,4135,,sharks ,1266,,total ,5401,,Tick ,200
fishes ,4135,,sharks ,1240,,total ,5375,,Tick ,201
fishes ,3995,,sharks ,1164,,total ,5159,,Tick ,202
fishes ,4065,,sharks ,829,,total ,4894,,Tick ,203
fishes ,3882,,sharks ,1479,,total ,5361,,Tick ,204
fishes ,3644,,sharks ,1418,,total ,5062,,Tick ,205
fishes ,3473,,sharks ,1374,,total ,4847,,Tick ,206
fishes ,3417,,sharks ,1316,,total ,4733,,Tick ,207
fishes ,3386,,sharks ,1198,,total ,4584,,Tick ,208
fishes ,3350,,sharks ,712,,total ,4062,,Tick ,209
fishes ,3284,,sharks ,1151,,total ,4435,,Tick ,210
fishes ,3016,,sharks ,1082,,total ,4098,,Tick ,211
fishes ,2922,,sharks ,1038,,total ,3960,,Tick ,212
fishes ,2825,,sharks ,1010,,total ,3835,,Tick ,213
fishes ,2841,,sharks ,936,,total ,3777,,Tick ,214
fishes ,2823,,sharks ,567,,total ,3390,,Tick ,215
fishes ,2848,,sharks ,1008,,total ,3856,,Tick ,216
fishes ,2659,,sharks ,961,,total ,3620,,Tick ,217
fishes ,2665,,sharks ,923,,total ,3588,,Tick ,218
fishes ,2628,,sharks ,877,,total ,3505,,Tick ,219
fishes ,2728,,sharks ,823,,total ,3551,,Tick ,220
fishes ,2765,,sharks ,507,,total ,3272,,Tick ,221
fishes ,2891,,sharks ,869,,total ,3760,,Tick ,222
fishes ,2841,,sharks ,811,,total ,3652,,Tick ,223
fishes ,2953,,sharks ,756,,total ,3709,,Tick ,224
fishes ,3031,,sharks ,712,,total ,3743,,Tick ,225
fishes ,3222,,sharks ,660,,total ,3882,,Tick ,226
fishes ,3384,,sharks ,368,,total ,3752,,Tick ,227
fishes ,3602,,sharks ,660,,total ,4262,,Tick ,228
fishes ,3602,,sharks ,630,,total ,4232,,Tick ,229
fishes ,3781,,sharks ,608,,total ,4389,,Tick ,230
fishes ,3888,,sharks ,593,,total ,4481,,Tick ,231
fishes ,4090,,sharks ,561,,total ,4651,,Tick ,232
fishes ,4241,,sharks ,416,,total ,4657,,Tick ,233
fishes ,4382,,sharks ,736,,total ,5118,,Tick ,234
fishes ,4360,,sharks ,716,,total ,5076,,Tick ,235
fishes ,4440,,sharks ,698,,total ,5138,,Tick ,236
fishes ,4530,,sharks ,678,,total ,5208,,Tick ,237
fishes ,4671,,sharks ,632,,total ,5303,,Tick ,238
fishes ,4830,,sharks ,487,,total ,5317,,Tick ,239
fishes ,4903,,sharks ,898,,total ,5801,,Tick ,240
fishes ,4829,,sharks ,877,,total ,5706,,Tick ,241
fishes ,4818,,sharks ,864,,total ,5682,,Tick ,242
fishes ,4874,,sharks ,842,,total ,5716,,Tick ,243
fishes ,4943,,sharks ,796,,total ,5739,,Tick ,244
fishes ,5062,,sharks ,603,,total ,5665,,Tick ,245
fishes ,5048,,sharks ,1096,,total ,6144,,Tick ,246
fishes ,4870,,sharks ,1059,,total ,5929,,Tick ,247
fishes ,4764,,sharks ,1033,,total ,5797,,Tick ,248
fishes ,4694,,sharks ,1006,,total ,5700,,Tick ,249
fishes ,4674,,sharks ,959,,total ,5633,,Tick ,250
fishes ,4674,,sharks ,712,,total ,5386,,Tick ,251
fishes ,4613,,sharks ,1281,,total ,5894,,Tick ,252
fishes ,4398,,sharks ,1205,,total ,5603,,Tick ,253
fishes ,4267,,sharks ,1151,,total ,5418,,Tick ,254
fishes ,4198,,sharks ,1084,,total ,5282,,Tick ,255
fishes ,4122,,sharks ,987,,total ,5109,,Tick ,256
fishes ,4093,,sharks ,561,,total ,4654,,Tick ,257
fishes ,3947,,sharks ,978,,total ,4925,,Tick ,258
fishes ,3724,,sharks ,941,,total ,4665,,Tick ,259
fishes ,3550,,sharks ,911,,total ,4461,,Tick ,260
fishes ,3466,,sharks ,885,,total ,4351,,Tick ,261
fishes ,3440,,sharks ,829,,total ,4269,,Tick ,262
fishes ,3482,,sharks ,528,,total ,4010,,Tick ,263
fishes ,3477,,sharks ,864,,total ,4341,,Tick ,264
fishes ,3347,,sharks ,810,,total ,4157,,Tick ,265
fishes ,3328,,sharks ,786,,total ,4114,,Tick ,266
fishes ,3340,,sharks ,755,,total ,4095,,Tick ,267
fishes ,3446,,sharks ,705,,total ,4151,,Tick ,268
fishes ,3525,,sharks ,458,,total ,3983,,Tick ,269
fishes ,3667,,sharks ,816,,total ,4483,,Tick ,270
fishes ,3579,,sharks ,790,,total ,4369,,Tick ,271
fishes ,3679,,sharks ,756,,total ,4435,,Tick ,272
fishes ,3695,,sharks ,730,,total ,4425,,Tick ,273
fishes ,3847,,sharks ,669,,total ,4516,,Tick ,274
fishes ,3947,,sharks ,437,,total ,4384,,Tick ,275
fishes ,4066,,sharks ,767,,total ,4833,,Tick ,276
fishes ,3972,,sharks ,746,,total ,4718,,Tick ,277
fishes ,4039,,sharks ,715,,total ,4754,,Tick ,278
fishes ,4063,,sharks ,684,,total ,4747,,Tick ,279
fishes ,4197,,sharks ,638,,total ,4835,,Tick ,280
fishes ,4317,,sharks ,442,,total ,4759,,Tick ,281
fishes ,4444,,sharks ,786,,total ,5230,,Tick ,282
fishes ,4418,,sharks ,748,,total ,5166,,Tick ,283
fishes ,4492,,sharks ,719,,total ,5211,,Tick ,284
fishes ,4558,,sharks ,691,,total ,5249,,Tick ,285
fishes ,4720,,sharks ,662,,total ,5382,,Tick ,286
fishes ,4864,,sharks ,488,,total ,5352,,Tick ,287
fishes ,4981,,sharks ,874,,total ,5855,,Tick ,288
fishes ,4868,,sharks ,855,,total ,5723,,Tick ,289
fishes ,4949,,sharks ,835,,total ,5784,,Tick ,290
fishes ,5006,,sharks ,817,,total ,5823,,Tick ,291
fishes ,5191,,sharks ,782,,total ,5973,,Tick ,292
fishes ,5326,,sharks ,594,,total ,5920,,Tick ,293
fishes ,5455,,sharks ,1066,,total ,6521,,Tick ,294
fishes ,5270,,sharks ,1040,,total ,6310,,Tick ,295
fishes ,5292,,sharks ,1019,,total ,6311,,Tick ,296
fishes ,5313,,sharks ,993,,total ,6306,,Tick ,297
fishes ,5447,,sharks ,955,,total ,6402,,Tick ,298
fishes ,5546,,sharks ,657,,total ,6203,,Tick ,299
fishes ,5575,,sharks ,1145,,total ,6720,,Tick ,300
fishes ,5397,,sharks ,1100,,total ,6497,,Tick ,301
fishes ,5304,,sharks ,1058,,total ,6362,,Tick ,302
fishes ,5254,,sharks ,1028,,total ,6282,,Tick ,303
fishes ,5242,,sharks ,958,,total ,6200,,Tick ,304
fishes ,5239,,sharks ,629,,total ,5868,,Tick ,305
fishes ,5137,,sharks ,1078,,total ,6215,,Tick ,306
fishes ,4881,,sharks ,1059,,total ,5940,,Tick ,307
fishes ,4702,,sharks ,1033,,total ,5735,,Tick ,308
fishes ,4605,,sharks ,991,,total ,5596,,Tick ,309
fishes ,4534,,sharks ,937,,total ,5471,,Tick ,310
fishes ,4523,,sharks ,700,,total ,5223,,Tick ,311
fishes ,4398,,sharks ,1262,,total ,5660,,Tick ,312
fishes ,4079,,sharks ,1228,,total ,5307,,Tick ,313
fishes ,3893,,sharks ,1197,,total ,5090,,Tick ,314
fishes ,3802,,sharks ,1166,,total ,4968,,Tick ,315
fishes ,3745,,sharks ,1103,,total ,4848,,Tick ,316
fishes ,3737,,sharks ,782,,total ,4519,,Tick ,317
fishes ,3634,,sharks ,1341,,total ,4975,,Tick ,318
fishes ,3343,,sharks ,1322,,total ,4665,,Tick ,319
fishes ,3216,,sharks ,1290,,total ,4506,,Tick ,320
fishes ,3115,,sharks ,1248,,total ,4363,,Tick ,321
fishes ,3091,,sharks ,1156,,total ,4247,,Tick ,322
fishes ,3074,,sharks ,778,,total ,3852,,Tick ,323
fishes ,3048,,sharks ,1285,,total ,4333,,Tick ,324
fishes ,2913,,sharks ,1226,,total ,4139,,Tick ,325
fishes ,2864,,sharks ,1154,,total ,4018,,Tick ,326
fishes ,2906,,sharks ,1081,,total ,3987,,Tick ,327
fishes ,2960,,sharks ,982,,total ,3942,,Tick ,328
fishes ,3111,,sharks ,518,,total ,3629,,Tick ,329
fishes ,3181,,sharks ,831,,total ,4012,,Tick ,330
fishes ,3195,,sharks ,774,,total ,3969,,Tick ,331
fishes ,3305,,sharks ,743,,total ,4048,,Tick ,332
fishes ,3469,,sharks ,716,,total ,4185,,Tick ,333
fishes ,3699,,sharks ,655,,total ,4354,,Tick ,334
fishes ,3935,,sharks ,412,,total ,4347,,Tick ,335
fishes ,4175,,sharks ,743,,total ,4918,,Tick ,336
fishes ,4238,,sharks ,724,,total ,4962,,Tick ,337
fishes ,4471,,sharks ,706,,total ,5177,,Tick ,338
fishes ,4708,,sharks ,687,,total ,5395,,Tick ,339
fishes ,4977,,sharks ,657,,total ,5634,,Tick ,340
fishes ,5220,,sharks ,468,,total ,5688,,Tick ,341
fishes ,5351,,sharks ,850,,total ,6201,,Tick ,342
fishes ,5352,,sharks ,827,,total ,6179,,Tick ,343
fishes ,5424,,sharks ,806,,total ,6230,,Tick ,344
fishes ,5558,,sharks ,781,,total ,6339,,Tick ,345
fishes ,5697,,sharks ,735,,total ,6432,,Tick ,346
fishes ,5888,,sharks ,516,,total ,6404,,Tick ,347
fishes ,5927,,sharks ,912,,total ,6839,,Tick ,348
fishes ,5858,,sharks ,894,,total ,6752,,Tick ,349
fishes ,5852,,sharks ,862,,total ,6714,,Tick ,350
fishes ,5878,,sharks ,838,,total ,6716,,Tick ,351
fishes ,5920,,sharks ,796,,total ,6716,,Tick ,352
fishes ,5970,,sharks ,593,,total ,6563,,Tick ,353
fishes ,5942,,sharks ,1074,,total ,7016,,Tick ,354
fishes ,5691,,sharks ,1057,,total ,6748,,Tick ,355
fishes ,5581,,sharks ,1029,,total ,6610,,Tick ,356
fishes ,5489,,sharks ,1001,,total ,6490,,Tick ,357
fishes ,5443,,sharks ,967,,total ,6410,,Tick ,358
fishes ,5441,,sharks ,754,,total ,6195,,Tick ,359
fishes ,5340,,sharks ,1361,,total ,6701,,Tick ,360
fishes ,5030,,sharks ,1310,,total ,6340,,Tick ,361
fishes ,4864,,sharks ,1264,,total ,6128,,Tick ,362
fishes ,4695,,sharks ,1211,,total ,5906,,Tick ,363
fishes ,4636,,sharks ,1135,,total ,5771,,Tick ,364
fishes ,4584,,sharks ,764,,total ,5348,,Tick ,365
fishes ,4504,,sharks ,1356,,total ,5860,,Tick ,366
fishes ,4135,,sharks ,1297,,total ,5432,,Tick ,367
fishes ,3958,,sharks ,1254,,total ,5212,,Tick ,368
fishes ,3837,,sharks ,1218,,total ,5055,,Tick ,369
fishes ,3807,,sharks ,1126,,total ,4933,,Tick ,370
fishes ,3773,,sharks ,716,,total ,4489,,Tick ,371
fishes ,3756,,sharks ,1220,,total ,4976,,Tick ,372
fishes ,3543,,sharks ,1159,,total ,4702,,Tick ,373
fishes ,3468,,sharks ,1120,,total ,4588,,Tick ,374
fishes ,3400,,sharks ,1049,,total ,4449,,Tick ,375
fishes ,3392,,sharks ,989,,total ,4381,,Tick ,376
fishes ,3458,,sharks ,652,,total ,4110,,Tick ,377
fishes ,3446,,sharks ,1153,,total ,4599,,Tick ,378
fishes ,3262,,sharks ,1119,,total ,4381,,Tick ,379
fishes ,3179,,sharks ,1086,,total ,4265,,Tick ,380
fishes ,3146,,sharks ,1040,,total ,4186,,Tick ,381
fishes ,3177,,sharks ,986,,total ,4163,,Tick ,382
fishes ,3248,,sharks ,699,,total ,3947,,Tick ,383
fishes ,3324,,sharks ,1192,,total ,4516,,Tick ,384
fishes ,3203,,sharks ,1135,,total ,4338,,Tick ,385
fishes ,3283,,sharks ,1086,,total ,4369,,Tick ,386
fishes ,3365,,sharks ,1032,,total ,4397,,Tick ,387
fishes ,3550,,sharks ,951,,total ,4501,,Tick ,388
fishes ,3734,,sharks ,556,,total ,4290,,Tick ,389
fishes ,3935,,sharks ,892,,total ,4827,,Tick ,390
fishes ,3974,,sharks ,829,,total ,4803,,Tick ,391
fishes ,4175,,sharks ,788,,total ,4963,,Tick ,392
fishes ,4318,,sharks ,748,,total ,5066,,Tick ,393
fishes ,4514,,sharks ,696,,total ,5210,,Tick ,394
fishes ,4719,,sharks ,457,,total ,5176,,Tick ,395
fishes ,4855,,sharks ,847,,total ,5702,,Tick ,396
fishes ,4851,,sharks ,830,,total ,5681,,Tick ,397
fishes ,4914,,sharks ,809,,total ,5723,,Tick ,398
fishes ,4960,,sharks ,796,,total ,5756,,Tick ,399
fishes ,5121,,sharks ,757,,total ,5878,,Tick ,400
fishes ,5235,,sharks ,616,,total ,5851,,Tick ,401
fishes ,5321,,sharks ,1148,,total ,6469,,Tick ,402
fishes ,5129,,sharks ,1129,,total ,6258,,Tick ,403
fishes ,5084,,sharks ,1106,,total ,6190,,Tick ,404
fishes ,5042,,sharks ,1084,,total ,6126,,Tick ,405
fishes ,5129,,sharks ,1028,,total ,6157,,Tick ,406
fishes ,5213,,sharks ,782,,total ,5995,,Tick ,407
fishes ,5214,,sharks ,1408,,total ,6622,,Tick ,408
fishes ,4978,,sharks ,1358,,total ,6336,,Tick ,409
fishes ,4924,,sharks ,1311,,total ,6235,,Tick ,410
fishes ,4841,,sharks ,1264,,total ,6105,,Tick ,411
fishes ,4839,,sharks ,1174,,total ,6013,,Tick ,412
fishes ,4814,,sharks ,742,,total ,5556,,Tick ,413
fishes ,4752,,sharks ,1276,,total ,6028,,Tick ,414
fishes ,4478,,sharks ,1228,,total ,5706,,Tick ,415
fishes ,4322,,sharks ,1202,,total ,5524,,Tick ,416
fishes ,4221,,sharks ,1162,,total ,5383,,Tick ,417
fishes ,4196,,sharks ,1092,,total ,5288,,Tick ,418
fishes ,4173,,sharks ,747,,total ,4920,,Tick ,419
fishes ,4125,,sharks ,1283,,total ,5408,,Tick ,420
fishes ,3859,,sharks ,1255,,total ,5114,,Tick ,421
fishes ,3765,,sharks ,1220,,total ,4985,,Tick ,422
fishes ,3736,,sharks ,1179,,total ,4915,,Tick ,423
fishes ,3820,,sharks ,1093,,total ,4913,,Tick ,424
fishes ,3917,,sharks ,724,,total ,4641,,Tick ,425
fishes ,4028,,sharks ,1227,,total ,5255,,Tick ,426
fishes ,3911,,sharks ,1189,,total ,5100,,Tick ,427
fishes ,4003,,sharks ,1150,,total ,5153,,Tick ,428
fishes ,4068,,sharks ,1097,,total ,5165,,Tick ,429
fishes ,4268,,sharks ,1026,,total ,5294,,Tick ,430
fishes ,4379,,sharks ,690,,total ,5069,,Tick ,431
fishes ,4494,,sharks ,1185,,total ,5679,,Tick ,432
fishes ,4342,,sharks ,1144,,total ,5486,,Tick ,433
fishes ,4349,,sharks ,1108,,total ,5457,,Tick ,434
fishes ,4358,,sharks ,1079,,total ,5437,,Tick ,435
fishes ,4487,,sharks ,1014,,total ,5501,,Tick ,436
fishes ,4589,,sharks ,766,,total ,5355,,Tick ,437
fishes ,4639,,sharks ,1333,,total ,5972,,Tick ,438
fishes ,4399,,sharks ,1297,,total ,5696,,Tick ,439
fishes ,4359,,sharks ,1268,,total ,5627,,Tick ,440
fishes ,4293,,sharks ,1234,,total ,5527,,Tick ,441
fishes ,4425,,sharks ,1169,,total ,5594,,Tick ,442
fishes ,4400,,sharks ,860,,total ,5260,,Tick ,443
fishes ,4465,,sharks ,1515,,total ,5980,,Tick ,444
fishes ,4182,,sharks ,1466,,total ,5648,,Tick ,445
fishes ,4203,,sharks ,1412,,total ,5615,,Tick ,446
fishes ,4077,,sharks ,1341,,total ,5418,,Tick ,447
fishes ,4210,,sharks ,1257,,total ,5467,,Tick ,448
fishes ,4180,,sharks ,836,,total ,5016,,Tick ,449
fishes ,4174,,sharks ,1460,,total ,5634,,Tick ,450
fishes ,3853,,sharks ,1391,,total ,5244,,Tick ,451
fishes ,3799,,sharks ,1352,,total ,5151,,Tick ,452
fishes ,3675,,sharks ,1307,,total ,4982,,Tick ,453
fishes ,3737,,sharks ,1212,,total ,4949,,Tick ,454
fishes ,3764,,sharks ,783,,total ,4547,,Tick ,455
fishes ,3772,,sharks ,1310,,total ,5082,,Tick ,456
fishes ,3568,,sharks ,1266,,total ,4834,,Tick ,457
fishes ,3499,,sharks ,1212,,total ,4711,,Tick ,458
fishes ,3474,,sharks ,1164,,total ,4638,,Tick ,459
fishes ,3514,,sharks ,1102,,total ,4616,,Tick ,460
fishes ,3599,,sharks ,710,,total ,4309,,Tick ,461
fishes ,3631,,sharks ,1229,,total ,4860,,Tick ,462
fishes ,3514,,sharks ,1195,,total ,4709,,Tick ,463
fishes ,3561,,sharks ,1154,,total ,4715,,Tick ,464
fishes ,3645,,sharks ,1091,,total ,4736,,Tick ,465
fishes ,3815,,sharks ,1025,,total ,4840,,Tick ,466
fishes ,4047,,sharks ,675,,total ,4722,,Tick ,467
fishes ,4178,,sharks ,1099,,total ,5277,,Tick ,468
fishes ,4139,,sharks ,1038,,total ,5177,,Tick ,469
fishes ,4180,,sharks ,991,,total ,5171,,Tick ,470
fishes ,4246,,sharks ,960,,total ,5206,,Tick ,471
fishes ,4362,,sharks ,919,,total ,5281,,Tick ,472
fishes ,4395,,sharks ,658,,total ,5053,,Tick ,473
fishes ,4452,,sharks ,1147,,total ,5599,,Tick ,474
fishes ,4253,,sharks ,1113,,total ,5366,,Tick ,475
fishes ,4209,,sharks ,1064,,total ,5273,,Tick ,476
fishes ,4139,,sharks ,1025,,total ,5164,,Tick ,477
fishes ,4218,,sharks ,967,,total ,5185,,Tick ,478
fishes ,4229,,sharks ,699,,total ,4928,,Tick ,479
fishes ,4230,,sharks ,1270,,total ,5500,,Tick ,480
fishes ,3915,,sharks ,1234,,total ,5149,,Tick ,481
fishes ,3899,,sharks ,1207,,total ,5106,,Tick ,482
fishes ,3829,,sharks ,1167,,total ,4996,,Tick ,483
fishes ,3867,,sharks ,1099,,total ,4966,,Tick ,484
fishes ,3881,,sharks ,758,,total ,4639,,Tick ,485
fishes ,3866,,sharks ,1284,,total ,5150,,Tick ,486
fishes ,3658,,sharks ,1237,,total ,4895,,Tick ,487
fishes ,3654,,sharks ,1177,,total ,4831,,Tick ,488
fishes ,3607,,sharks ,1137,,total ,4744,,Tick ,489
fishes ,3639,,sharks ,1051,,total ,4690,,Tick ,490
fishes ,3670,,sharks ,657,,total ,4327,,Tick ,491
fishes ,3656,,sharks ,1182,,total ,4838,,Tick ,492
fishes ,3445,,sharks ,1152,,total ,4597,,Tick ,493
fishes ,3354,,sharks ,1113,,total ,4467,,Tick ,494
fishes ,3318,,sharks ,1086,,total ,4404,,Tick ,495
fishes ,3368,,sharks ,1017,,total ,4385,,Tick ,496
fishes ,3378,,sharks ,698,,total ,4076,,Tick ,497
fishes ,3407,,sharks ,1215,,total ,4622,,Tick ,498
fishes ,3216,,sharks ,1159,,total ,4375,,Tick ,499
fishes ,3229,,sharks ,1114,,total ,4343,,Tick ,500
fishes ,3204,,sharks ,1052,,total ,4256,,Tick ,501
fishes ,3341,,sharks ,963,,total ,4304,,Tick ,502
fishes ,3432,,sharks ,577,,total ,4009,,Tick ,503
fishes ,3572,,sharks ,988,,total ,4560,,Tick ,504
fishes ,3487,,sharks ,947,,total ,4434,,Tick ,505
fishes ,3658,,sharks ,895,,total ,4553,,Tick ,506
fishes ,3744,,sharks ,859,,total ,4603,,Tick ,507
fishes ,4020,,sharks ,796,,total ,4816,,Tick ,508
fishes ,4167,,sharks ,508,,total ,4675,,Tick ,509
fishes ,4418,,sharks ,881,,total ,5299,,Tick ,510
fishes ,4374,,sharks ,854,,total ,5228,,Tick ,511
fishes ,4553,,sharks ,830,,total ,5383,,Tick ,512
fishes ,4608,,sharks ,809,,total ,5417,,Tick ,513
fishes ,4862,,sharks ,764,,total ,5626,,Tick ,514
fishes ,4982,,sharks ,562,,total ,5544,,Tick ,515
fishes ,5203,,sharks ,1045,,total ,6248,,Tick ,516
fishes ,5029,,sharks ,1001,,total ,6030,,Tick ,517
fishes ,5145,,sharks ,963,,total ,6108,,Tick ,518
fishes ,5101,,sharks ,949,,total ,6050,,Tick ,519
fishes ,5321,,sharks ,901,,total ,6222,,Tick ,520
fishes ,5326,,sharks ,669,,total ,5995,,Tick ,521
fishes ,5488,,sharks ,1235,,total ,6723,,Tick ,522
fishes ,5147,,sharks ,1190,,total ,6337,,Tick ,523
fishes ,5164,,sharks ,1157,,total ,6321,,Tick ,524
fishes ,4998,,sharks ,1134,,total ,6132,,Tick ,525
fishes ,5104,,sharks ,1075,,total ,6179,,Tick ,526
fishes ,5012,,sharks ,820,,total ,5832,,Tick ,527
fishes ,4988,,sharks ,1479,,total ,6467,,Tick ,528
fishes ,4569,,sharks ,1420,,total ,5989,,Tick ,529
fishes ,4438,,sharks ,1385,,total ,5823,,Tick ,530
fishes ,4177,,sharks ,1347,,total ,5524,,Tick ,531
fishes ,4169,,sharks ,1263,,total ,5432,,Tick ,532
fishes ,4022,,sharks ,915,,total ,4937,,Tick ,533
fishes ,3897,,sharks ,1633,,total ,5530,,Tick ,534
fishes ,3418,,sharks ,1554,,total ,4972,,Tick ,535
fishes ,3311,,sharks ,1503,,total ,4814,,Tick ,536
fishes ,3089,,sharks ,1448,,total ,4537,,Tick ,537
fishes ,3163,,sharks ,1337,,total ,4500,,Tick ,538
fishes ,3054,,sharks ,805,,total ,3859,,Tick ,539
fishes ,3165,,sharks ,1416,,total ,4581,,Tick ,540
fishes ,2888,,sharks ,1338,,total ,4226,,Tick ,541
fishes ,3007,,sharks ,1259,,total ,4266,,Tick ,542
fishes ,2904,,sharks ,1202,,total ,4106,,Tick ,543
fishes ,3109,,sharks ,1097,,total ,4206,,Tick ,544
fishes ,3091,,sharks ,622,,total ,3713,,Tick ,545
fishes ,3286,,sharks ,1075,,total ,4361,,Tick ,546
fishes ,3146,,sharks ,1026,,total ,4172,,Tick ,547
fishes ,3334,,sharks ,986,,total ,4320,,Tick ,548
fishes ,3357,,sharks ,931,,total ,4288,,Tick ,549
fishes ,3607,,sharks ,858,,total ,4465,,Tick ,550
fishes ,3706,,sharks ,526,,total ,4232,,Tick ,551
fishes ,3935,,sharks ,966,,total ,4901,,Tick ,552
fishes ,3778,,sharks ,926,,total ,4704,,Tick ,553
fishes ,3913,,sharks ,896,,total ,4809,,Tick ,554
fishes ,3935,,sharks ,873,,total ,4808,,Tick ,555
fishes ,4159,,sharks ,845,,total ,5004,,Tick ,556
fishes ,4234,,sharks ,617,,total ,4851,,Tick ,557
fishes ,4389,,sharks ,1125,,total ,5514,,Tick ,558
fishes ,4204,,sharks ,1075,,total ,5279,,Tick ,559
fishes ,4251,,sharks ,1045,,total ,5296,,Tick ,560
fishes ,4247,,sharks ,1000,,total ,5247,,Tick ,561
fishes ,4399,,sharks ,936,,total ,5335,,Tick ,562
fishes ,4470,,sharks ,592,,total ,5062,,Tick ,563
fishes ,4598,,sharks ,1067,,total ,5665,,Tick ,564
fishes ,4347,,sharks ,1037,,total ,5384,,Tick ,565
fishes ,4327,,sharks ,1013,,total ,5340,,Tick ,566
fishes ,4216,,sharks ,992,,total ,5208,,Tick ,567
fishes ,4279,,sharks ,949,,total ,5228,,Tick ,568
fishes ,4273,,sharks ,713,,total ,4986,,Tick ,569
fishes ,4316,,sharks ,1312,,total ,5628,,Tick ,570
fishes ,3944,,sharks ,1267,,total ,5211,,Tick ,571
fishes ,3909,,sharks ,1223,,total ,5132,,Tick ,572
fishes ,3748,,sharks ,1174,,total ,4922,,Tick ,573
fishes ,3829,,sharks ,1111,,total ,4940,,Tick ,574
fishes ,3788,,sharks ,738,,total ,4526,,Tick ,575
fishes ,3824,,sharks ,1262,,total ,5086,,Tick ,576
fishes ,3532,,sharks ,1198,,total ,4730,,Tick ,577
fishes ,3552,,sharks ,1153,,total ,4705,,Tick ,578
fishes ,3411,,sharks ,1111,,total ,4522,,Tick ,579
fishes ,3525,,sharks ,1041,,total ,4566,,Tick ,580
fishes ,3455,,sharks ,634,,total ,4089,,Tick ,581
fishes ,3570,,sharks ,1124,,total ,4694,,Tick ,582
fishes ,3332,,sharks ,1086,,total ,4418,,Tick ,583
fishes ,3384,,sharks ,1046,,total ,4430,,Tick ,584
fishes ,3299,,sharks ,998,,total ,4297,,Tick ,585
fishes ,3470,,sharks ,924,,total ,4394,,Tick ,586
fishes ,3491,,sharks ,609,,total ,4100,,Tick ,587
fishes ,3657,,sharks ,1048,,total ,4705,,Tick ,588
fishes ,3485,,sharks ,998,,total ,4483,,Tick ,589
fishes ,3598,,sharks ,953,,total ,4551,,Tick ,590
fishes ,3607,,sharks ,912,,total ,4519,,Tick ,591
fishes ,3855,,sharks ,852,,total ,4707,,Tick ,592
fishes ,3961,,sharks ,553,,total ,4514,,Tick ,593
fishes ,4181,,sharks ,970,,total ,5151,,Tick ,594
fishes ,4059,,sharks ,956,,total ,5015,,Tick ,595
fishes ,4225,,sharks ,931,,total ,5156,,Tick ,596
fishes ,4245,,sharks ,900,,total ,5145,,Tick ,597
fishes ,4460,,sharks ,847,,total ,5307,,Tick ,598
fishes ,4548,,sharks ,609,,total ,5157,,Tick ,599
fishes ,4686,,sharks ,1071,,total ,5757,,Tick ,600
fishes ,4503,,sharks ,1017,,total ,5520,,Tick ,601
fishes ,4526,,sharks ,969,,total ,5495,,Tick ,602
fishes ,4491,,sharks ,944,,total ,5435,,Tick ,603
fishes ,4587,,sharks ,897,,total ,5484,,Tick ,604
fishes ,4621,,sharks ,628,,total ,5249,,Tick ,605
fishes ,4686,,sharks ,1154,,total ,5840,,Tick ,606
fishes ,4436,,sharks ,1122,,total ,5558,,Tick ,607
fishes ,4398,,sharks ,1088,,total ,5486,,Tick ,608
fishes ,4295,,sharks ,1056,,total ,5351,,Tick ,609
fishes ,4378,,sharks ,997,,total ,5375,,Tick ,610
fishes ,4384,,sharks ,737,,total ,5121,,Tick ,611
fishes ,4401,,sharks ,1320,,total ,5721,,Tick ,612
fishes ,4028,,sharks ,1264,,total ,5292,,Tick ,613
fishes ,3912,,sharks ,1221,,total ,5133,,Tick ,614
fishes ,3827,,sharks ,1188,,total ,5015,,Tick ,615
fishes ,3861,,sharks ,1121,,total ,4982,,Tick ,616
fishes ,3865,,sharks ,732,,total ,4597,,Tick ,617
fishes ,3880,,sharks ,1225,,total ,5105,,Tick ,618
fishes ,3704,,sharks ,1164,,total ,4868,,Tick ,619
fishes ,3690,,sharks ,1115,,total ,4805,,Tick ,620
fishes ,3689,,sharks ,1067,,total ,4756,,Tick ,621
fishes ,3760,,sharks ,989,,total ,4749,,Tick ,622
fishes ,3827,,sharks ,640,,total ,4467,,Tick ,623
fishes ,3901,,sharks ,1165,,total ,5066,,Tick ,624
fishes ,3779,,sharks ,1127,,total ,4906,,Tick ,625
fishes ,3752,,sharks ,1085,,total ,4837,,Tick ,626
fishes ,3823,,sharks ,1032,,total ,4855,,Tick ,627
fishes ,3859,,sharks ,955,,total ,4814,,Tick ,628
fishes ,4027,,sharks ,654,,total ,4681,,Tick ,629
fishes ,4032,,sharks ,1147,,total ,5179,,Tick ,630
fishes ,3929,,sharks ,1104,,total ,5033,,Tick ,631
fishes ,3836,,sharks ,1080,,total ,4916,,Tick ,632
fishes ,3908,,sharks ,1046,,total ,4954,,Tick ,633
fishes ,3946,,sharks ,1000,,total ,4946,,Tick ,634
fishes ,4105,,sharks ,742,,total ,4847,,Tick ,635
fishes ,4125,,sharks ,1334,,total ,5459,,Tick ,636
fishes ,4052,,sharks ,1298,,total ,5350,,Tick ,637
fishes ,3970,,sharks ,1254,,total ,5224,,Tick ,638
fishes ,3997,,sharks ,1195,,total ,5192,,Tick ,639
fishes ,4015,,sharks ,1113,,total ,5128,,Tick ,640
fishes ,4070,,sharks ,785,,total ,4855,,Tick ,641
fishes ,4009,,sharks ,1399,,total ,5408,,Tick ,642
fishes ,3770,,sharks ,1332,,total ,5102,,Tick ,643
fishes ,3658,,sharks ,1279,,total ,4937,,Tick ,644
fishes ,3564,,sharks ,1230,,total ,4794,,Tick ,645
fishes ,3540,,sharks ,1148,,total ,4688,,Tick ,646
fishes ,3543,,sharks ,743,,total ,4286,,Tick ,647
fishes ,3517,,sharks ,1297,,total ,4814,,Tick ,648
fishes ,3309,,sharks ,1256,,total ,4565,,Tick ,649
fishes ,3287,,sharks ,1209,,total ,4496,,Tick ,650
fishes ,3255,,sharks ,1146,,total ,4401,,Tick ,651
fishes ,3342,,sharks ,1055,,total ,4397,,Tick ,652
fishes ,3403,,sharks ,671,,total ,4074,,Tick ,653
fishes ,3475,,sharks ,1192,,total ,4667,,Tick ,654
fishes ,3293,,sharks ,1143,,total ,4436,,Tick ,655
fishes ,3325,,sharks ,1097,,total ,4422,,Tick ,656
fishes ,3320,,sharks ,1049,,total ,4369,,Tick ,657
fishes ,3448,,sharks ,966,,total ,4414,,Tick ,658
fishes ,3532,,sharks ,594,,total ,4126,,Tick ,659
fishes ,3620,,sharks ,1017,,total ,4637,,Tick ,660
fishes ,3552,,sharks ,969,,total ,4521,,Tick ,661
fishes ,3614,,sharks ,933,,total ,4547,,Tick ,662
fishes ,3708,,sharks ,898,,total ,4606,,Tick ,663
fishes ,3847,,sharks ,852,,total ,4699,,Tick ,664
fishes ,4008,,sharks ,600,,total ,4608,,Tick ,665
fishes ,4077,,sharks ,1098,,total ,5175,,Tick ,666
fishes ,4014,,sharks ,1070,,total ,5084,,Tick ,667
fishes ,4004,,sharks ,1046,,total ,5050,,Tick ,668
fishes ,4120,,sharks ,1009,,total ,5129,,Tick ,669
fishes ,4200,,sharks ,933,,total ,5133,,Tick ,670
fishes ,4392,,sharks ,662,,total ,5054,,Tick ,671
fishes ,4395,,sharks ,1212,,total ,5607,,Tick ,672
fishes ,4250,,sharks ,1172,,total ,5422,,Tick ,673
fishes ,4129,,sharks ,1137,,total ,5266,,Tick ,674
fishes ,4177,,sharks ,1107,,total ,5284,,Tick ,675
fishes ,4233,,sharks ,1060,,total ,5293,,Tick ,676
fishes ,4384,,sharks ,781,,total ,5165,,Tick ,677
fishes ,4402,,sharks ,1362,,total ,5764,,Tick ,678
fishes ,4215,,sharks ,1300,,total ,5515,,Tick ,679
fishes ,4178,,sharks ,1260,,total ,5438,,Tick ,680
fishes ,4160,,sharks ,1213,,total ,5373,,Tick ,681
fishes ,4216,,sharks ,1154,,total ,5370,,Tick ,682
fishes ,4300,,sharks ,770,,total ,5070,,Tick ,683
fishes ,4242,,sharks ,1334,,total ,5576,,Tick ,684
fishes ,4035,,sharks ,1264,,total ,5299,,Tick ,685
fishes ,3863,,sharks ,1223,,total ,5086,,Tick ,686
fishes ,3837,,sharks ,1175,,total ,5012,,Tick ,687
fishes ,3801,,sharks ,1092,,total ,4893,,Tick ,688
fishes ,3895,,sharks ,673,,total ,4568,,Tick ,689
fishes ,3821,,sharks ,1178,,total ,4999,,Tick ,690
fishes ,3622,,sharks ,1115,,total ,4737,,Tick ,691
fishes ,3448,,sharks ,1078,,total ,4526,,Tick ,692
fishes ,3442,,sharks ,1055,,total ,4497,,Tick ,693
fishes ,3377,,sharks ,1001,,total ,4378,,Tick ,694
fishes ,3512,,sharks ,712,,total ,4224,,Tick ,695
fishes ,3461,,sharks ,1195,,total ,4656,,Tick ,696
fishes ,3324,,sharks ,1125,,total ,4449,,Tick ,697
fishes ,3220,,sharks ,1064,,total ,4284,,Tick ,698
fishes ,3233,,sharks ,1027,,total ,4260,,Tick ,699
fishes ,3227,,sharks ,964,,total ,4191,,Tick ,700
fishes ,3360,,sharks ,620,,total ,3980,,Tick ,701
fishes ,3358,,sharks ,1107,,total ,4465,,Tick ,702
fishes ,3306,,sharks ,1038,,total ,4344,,Tick ,703
fishes ,3243,,sharks ,994,,total ,4237,,Tick ,704
fishes ,3378,,sharks ,951,,total ,4329,,Tick ,705
fishes ,3422,,sharks ,892,,total ,4314,,Tick ,706
fishes ,3656,,sharks ,542,,total ,4198,,Tick ,707
fishes ,3665,,sharks ,911,,total ,4576,,Tick ,708
fishes ,3742,,sharks ,869,,total ,4611,,Tick ,709
fishes ,3690,,sharks ,834,,total ,4524,,Tick ,710
fishes ,3903,,sharks ,802,,total ,4705,,Tick ,711
fishes ,3960,,sharks ,747,,total ,4707,,Tick ,712
fishes ,4240,,sharks ,493,,total ,4733,,Tick ,713
fishes ,4282,,sharks ,913,,total ,5195,,Tick ,714
fishes ,4325,,sharks ,885,,total ,5210,,Tick ,715
fishes ,4333,,sharks ,860,,total ,5193,,Tick ,716
fishes ,4510,,sharks ,831,,total ,5341,,Tick ,717
fishes ,4548,,sharks ,793,,total ,5341,,Tick ,718
fishes ,4733,,sharks ,563,,total ,5296,,Tick ,719
fishes ,4702,,sharks ,1030,,total ,5732,,Tick ,720
fishes ,4646,,sharks ,997,,total ,5643,,Tick ,721
fishes ,4599,,sharks ,965,,total ,5564,,Tick ,722
fishes ,4705,,sharks ,938,,total ,5643,,Tick ,723
fishes ,4723,,sharks ,874,,total ,5597,,Tick ,724
fishes ,4909,,sharks ,610,,total ,5519,,Tick ,725
fishes ,4879,,sharks ,1084,,total ,5963,,Tick ,726
fishes ,4787,,sharks ,1038,,total ,5825,,Tick ,727
fishes ,4685,,sharks ,1005,,total ,5690,,Tick ,728
fishes ,4692,,sharks ,983,,total ,5675,,Tick ,729
fishes ,4692,,sharks ,925,,total ,5617,,Tick ,730
fishes ,4742,,sharks ,656,,total ,5398,,Tick ,731
fishes ,4687,,sharks ,1198,,total ,5885,,Tick ,732
fishes ,4482,,sharks ,1162,,total ,5644,,Tick ,733
fishes ,4370,,sharks ,1125,,total ,5495,,Tick ,734
fishes ,4337,,sharks ,1078,,total ,5415,,Tick ,735
fishes ,4330,,sharks ,1001,,total ,5331,,Tick ,736
fishes ,4403,,sharks ,687,,total ,5090,,Tick ,737
fishes ,4357,,sharks ,1222,,total ,5579,,Tick ,738
fishes ,4166,,sharks ,1169,,total ,5335,,Tick ,739
fishes ,4073,,sharks ,1124,,total ,5197,,Tick ,740
fishes ,4052,,sharks ,1092,,total ,5144,,Tick ,741
fishes ,4066,,sharks ,1024,,total ,5090,,Tick ,742
fishes ,4145,,sharks ,668,,total ,4813,,Tick ,743
fishes ,4125,,sharks ,1160,,total ,5285,,Tick ,744
fishes ,3962,,sharks ,1103,,total ,5065,,Tick ,745
fishes ,3888,,sharks ,1063,,total ,4951,,Tick ,746
fishes ,3918,,sharks ,1034,,total ,4952,,Tick ,747
fishes ,3974,,sharks ,953,,total ,4927,,Tick ,748
fishes ,4105,,sharks ,635,,total ,4740,,Tick ,749
fishes ,4185,,sharks ,1087,,total ,5272,,Tick ,750
fishes ,4102,,sharks ,1039,,total ,5141,,Tick ,751
fishes ,4132,,sharks ,994,,total ,5126,,Tick ,752
fishes ,4235,,sharks ,957,,total ,5192,,Tick ,753
fishes ,4357,,sharks ,909,,total ,5266,,Tick ,754
fishes ,4530,,sharks ,599,,total ,5129,,Tick ,755
fishes ,4593,,sharks ,1094,,total ,5687,,Tick ,756
fishes ,4538,,sharks ,1054,,total ,5592,,Tick ,757
fishes ,4597,,sharks ,1021,,total ,5618,,Tick ,758
fishes ,4659,,sharks ,995,,total ,5654,,Tick ,759
fishes ,4773,,sharks ,934,,total ,5707,,Tick ,760
fishes ,4905,,sharks ,674,,total ,5579,,Tick ,761
fishes ,4966,,sharks ,1221,,total ,6187,,Tick ,762
fishes ,4773,,sharks ,1176,,total ,5949,,Tick ,763
fishes ,4722,,sharks ,1137,,total ,5859,,Tick ,764
fishes ,4726,,sharks ,1093,,total ,5819,,Tick ,765
fishes ,4725,,sharks ,1045,,total ,5770,,Tick ,766
fishes ,4806,,sharks ,752,,total ,5558,,Tick ,767
fishes ,4770,,sharks ,1346,,total ,6116,,Tick ,768
fishes ,4549,,sharks ,1298,,total ,5847,,Tick ,769
fishes ,4443,,sharks ,1257,,total ,5700,,Tick ,770
fishes ,4437,,sharks ,1206,,total ,5643,,Tick ,771
fishes ,4439,,sharks ,1126,,total ,5565,,Tick ,772
fishes ,4456,,sharks ,737,,total ,5193,,Tick ,773
fishes ,4382,,sharks ,1286,,total ,5668,,Tick ,774
fishes ,4122,,sharks ,1242,,total ,5364,,Tick ,775
fishes ,3962,,sharks ,1190,,total ,5152,,Tick ,776
fishes ,3869,,sharks ,1140,,total ,5009,,Tick ,777
fishes ,3793,,sharks ,1061,,total ,4854,,Tick ,778
fishes ,3791,,sharks ,688,,total ,4479,,Tick ,779
fishes ,3656,,sharks ,1261,,total ,4917,,Tick ,780
fishes ,3429,,sharks ,1230,,total ,4659,,Tick ,781
fishes ,3263,,sharks ,1193,,total ,4456,,Tick ,782
fishes ,3231,,sharks ,1145,,total ,4376,,Tick ,783
fishes ,3245,,sharks ,1072,,total ,4317,,Tick ,784
fishes ,3372,,sharks ,707,,total ,4079,,Tick ,785
fishes ,3438,,sharks ,1217,,total ,4655,,Tick ,786
fishes ,3406,,sharks ,1148,,total ,4554,,Tick ,787
fishes ,3425,,sharks ,1099,,total ,4524,,Tick ,788
fishes ,3564,,sharks ,1053,,total ,4617,,Tick ,789
fishes ,3683,,sharks ,974,,total ,4657,,Tick ,790
fishes ,3915,,sharks ,624,,total ,4539,,Tick ,791
fishes ,4009,,sharks ,1077,,total ,5086,,Tick ,792
fishes ,4057,,sharks ,1027,,total ,5084,,Tick ,793
fishes ,4103,,sharks ,988,,total ,5091,,Tick ,794
fishes ,4324,,sharks ,950,,total ,5274,,Tick ,795
fishes ,4475,,sharks ,897,,total ,5372,,Tick ,796
fishes ,4739,,sharks ,571,,total ,5310,,Tick ,797
fishes ,4875,,sharks ,958,,total ,5833,,Tick ,798
fishes ,4872,,sharks ,917,,total ,5789,,Tick ,799
fishes ,4927,,sharks ,874,,total ,5801,,Tick ,800
fishes ,5044,,sharks ,855,,total ,5899,,Tick ,801
fishes ,5111,,sharks ,813,,total ,5924,,Tick ,802
fishes ,5232,,sharks ,564,,total ,5796,,Tick ,803
fishes ,5250,,sharks ,978,,total ,6228,,Tick ,804
fishes ,5122,,sharks ,963,,total ,6085,,Tick ,805
fishes ,5070,,sharks ,931,,total ,6001,,Tick ,806
fishes ,5072,,sharks ,893,,total ,5965,,Tick ,807
fishes ,5094,,sharks ,848,,total ,5942,,Tick ,808
fishes ,5133,,sharks ,619,,total ,5752,,Tick ,809
fishes ,5107,,sharks ,1080,,total ,6187,,Tick ,810
fishes ,4937,,sharks ,1070,,total ,6007,,Tick ,811
fishes ,4818,,sharks ,1043,,total ,5861,,Tick ,812
fishes ,4726,,sharks ,996,,total ,5722,,Tick ,813
fishes ,4657,,sharks ,944,,total ,5601,,Tick ,814
fishes ,4645,,sharks ,681,,total ,5326,,Tick ,815
fishes ,4525,,sharks ,1240,,total ,5765,,Tick ,816
fishes ,4228,,sharks ,1230,,total ,5458,,Tick ,817
fishes ,4069,,sharks ,1188,,total ,5257,,Tick ,818
fishes ,3950,,sharks ,1149,,total ,5099,,Tick ,819
fishes ,3909,,sharks ,1067,,total ,4976,,Tick ,820
fishes ,3918,,sharks ,766,,total ,4684,,Tick ,821
fishes ,3879,,sharks ,1270,,total ,5149,,Tick ,822
fishes ,3678,,sharks ,1217,,total ,4895,,Tick ,823
fishes ,3590,,sharks ,1160,,total ,4750,,Tick ,824
fishes ,3619,,sharks ,1111,,total ,4730,,Tick ,825
fishes ,3656,,sharks ,1041,,total ,4697,,Tick ,826
fishes ,3794,,sharks ,666,,total ,4460,,Tick ,827
fishes ,3845,,sharks ,1135,,total ,4980,,Tick ,828
fishes ,3800,,sharks ,1088,,total ,4888,,Tick ,829
fishes ,3837,,sharks ,1057,,total ,4894,,Tick ,830
fishes ,3948,,sharks ,1014,,total ,4962,,Tick ,831
fishes ,4199,,sharks ,942,,total ,5141,,Tick ,832
fishes ,4381,,sharks ,619,,total ,5000,,Tick ,833
fishes ,4546,,sharks ,1086,,total ,5632,,Tick ,834
fishes ,4416,,sharks ,1051,,total ,5467,,Tick ,835
fishes ,4547,,sharks ,1020,,total ,5567,,Tick ,836
fishes ,4559,,sharks ,985,,total ,5544,,Tick ,837
fishes ,4750,,sharks ,925,,total ,5675,,Tick ,838
fishes ,4834,,sharks ,679,,total ,5513,,Tick ,839
fishes ,4909,,sharks ,1214,,total ,6123,,Tick ,840
fishes ,4627,,sharks ,1194,,total ,5821,,Tick ,841
fishes ,4573,,sharks ,1168,,total ,5741,,Tick ,842
fishes ,4431,,sharks ,1147,,total ,5578,,Tick ,843
fishes ,4420,,sharks ,1084,,total ,5504,,Tick ,844
fishes ,4383,,sharks ,825,,total ,5208,,Tick ,845
fishes ,4301,,sharks ,1501,,total ,5802,,Tick ,846
fishes ,3932,,sharks ,1475,,total ,5407,,Tick ,847
fishes ,3730,,sharks ,1418,,total ,5148,,Tick ,848
fishes ,3601,,sharks ,1370,,total ,4971,,Tick ,849
fishes ,3542,,sharks ,1285,,total ,4827,,Tick ,850
fishes ,3481,,sharks ,855,,total ,4336,,Tick ,851
fishes ,3358,,sharks ,1437,,total ,4795,,Tick ,852
fishes ,3056,,sharks ,1412,,total ,4468,,Tick ,853
fishes ,2892,,sharks ,1358,,total ,4250,,Tick ,854
fishes ,2839,,sharks ,1306,,total ,4145,,Tick ,855
fishes ,2846,,sharks ,1187,,total ,4033,,Tick ,856
fishes ,2932,,sharks ,728,,total ,3660,,Tick ,857
fishes ,2964,,sharks ,1181,,total ,4145,,Tick ,858
fishes ,2774,,sharks ,1146,,total ,3920,,Tick ,859
fishes ,2771,,sharks ,1092,,total ,3863,,Tick ,860
fishes ,2800,,sharks ,1057,,total ,3857,,Tick ,861
fishes ,2943,,sharks ,982,,total ,3925,,Tick ,862
fishes ,3105,,sharks ,612,,total ,3717,,Tick ,863
fishes ,3251,,sharks ,929,,total ,4180,,Tick ,864
fishes ,3256,,sharks ,883,,total ,4139,,Tick ,865
fishes ,3393,,sharks ,833,,total ,4226,,Tick ,866
fishes ,3537,,sharks ,809,,total ,4346,,Tick ,867
fishes ,3811,,sharks ,756,,total ,4567,,Tick ,868
fishes ,4001,,sharks ,500,,total ,4501,,Tick ,869
fishes ,4252,,sharks ,839,,total ,5091,,Tick ,870
fishes ,4220,,sharks ,823,,total ,5043,,Tick ,871
fishes ,4379,,sharks ,794,,total ,5173,,Tick ,872
fishes ,4453,,sharks ,774,,total ,5227,,Tick ,873
fishes ,4711,,sharks ,738,,total ,5449,,Tick ,874
fishes ,4845,,sharks ,562,,total ,5407,,Tick ,875
fishes ,5035,,sharks ,1005,,total ,6040,,Tick ,876
fishes ,4919,,sharks ,993,,total ,5912,,Tick ,877
fishes ,4960,,sharks ,973,,total ,5933,,Tick ,878
fishes ,4987,,sharks ,946,,total ,5933,,Tick ,879
fishes ,5073,,sharks ,896,,total ,5969,,Tick ,880
fishes ,5188,,sharks ,696,,total ,5884,,Tick ,881
fishes ,5208,,sharks ,1247,,total ,6455,,Tick ,882
fishes ,5003,,sharks ,1207,,total ,6210,,Tick ,883
fishes ,4916,,sharks ,1171,,total ,6087,,Tick ,884
fishes ,4886,,sharks ,1144,,total ,6030,,Tick ,885
fishes ,4862,,sharks ,1085,,total ,5947,,Tick ,886
fishes ,4874,,sharks ,819,,total ,5693,,Tick ,887
fishes ,4773,,sharks ,1485,,total ,6258,,Tick ,888
fishes ,4418,,sharks ,1455,,total ,5873,,Tick ,889
fishes ,4181,,sharks ,1401,,total ,5582,,Tick ,890
fishes ,4026,,sharks ,1354,,total ,5380,,Tick ,891
fishes ,3871,,sharks ,1278,,total ,5149,,Tick ,892
fishes ,3820,,sharks ,896,,total ,4716,,Tick ,893
fishes ,3614,,sharks ,1621,,total ,5235,,Tick ,894
fishes ,3317,,sharks ,1559,,total ,4876,,Tick ,895
fishes ,3116,,sharks ,1505,,total ,4621,,Tick ,896
fishes ,3046,,sharks ,1430,,total ,4476,,Tick ,897
fishes ,2938,,sharks ,1298,,total ,4236,,Tick ,898
fishes ,2957,,sharks ,702,,total ,3659,,Tick ,899
fishes ,2845,,sharks ,1193,,total ,4038,,Tick ,900
fishes ,2773,,sharks ,1118,,total ,3891,,Tick ,901
fishes ,2683,,sharks ,1045,,total ,3728,,Tick ,902
fishes ,2754,,sharks ,987,,total ,3741,,Tick ,903
fishes ,2784,,sharks ,905,,total ,3689,,Tick ,904
fishes ,2953,,sharks ,499,,total ,3452,,Tick ,905
fishes ,2999,,sharks ,828,,total ,3827,,Tick ,906
fishes ,3008,,sharks ,793,,total ,3801,,Tick ,907
fishes ,3072,,sharks ,768,,total ,3840,,Tick ,908
fishes ,3324,,sharks ,748,,total ,4072,,Tick ,909
fishes ,3439,,sharks ,705,,total ,4144,,Tick ,910
fishes ,3794,,sharks ,493,,total ,4287,,Tick ,911
fishes ,3876,,sharks ,879,,total ,4755,,Tick ,912
fishes ,4012,,sharks ,869,,total ,4881,,Tick ,913
fishes ,4053,,sharks ,847,,total ,4900,,Tick ,914
fishes ,4406,,sharks ,826,,total ,5232,,Tick ,915
fishes ,4571,,sharks ,790,,total ,5361,,Tick ,916
fishes ,5023,,sharks ,592,,total ,5615,,Tick ,917
fishes ,5119,,sharks ,1061,,total ,6180,,Tick ,918
fishes ,5229,,sharks ,1023,,total ,6252,,Tick ,919
fishes ,5192,,sharks ,993,,total ,6185,,Tick ,920
fishes ,5335,,sharks ,952,,total ,6287,,Tick ,921
fishes ,5369,,sharks ,912,,total ,6281,,Tick ,922
fishes ,5510,,sharks ,668,,total ,6178,,Tick ,923
fishes ,5466,,sharks ,1189,,total ,6655,,Tick ,924
fishes ,5295,,sharks ,1158,,total ,6453,,Tick ,925
fishes ,5140,,sharks ,1119,,total ,6259,,Tick ,926
fishes ,5113,,sharks ,1086,,total ,6199,,Tick ,927
fishes ,5055,,sharks ,1033,,total ,6088,,Tick ,928
fishes ,5075,,sharks ,764,,total ,5839,,Tick ,929
fishes ,4924,,sharks ,1364,,total ,6288,,Tick ,930
fishes ,4616,,sharks ,1324,,total ,5940,,Tick ,931
fishes ,4360,,sharks ,1275,,total ,5635,,Tick ,932
fishes ,4229,,sharks ,1233,,total ,5462,,Tick ,933
fishes ,4103,,sharks ,1157,,total ,5260,,Tick ,934
fishes ,4082,,sharks ,835,,total ,4917,,Tick ,935
fishes ,3901,,sharks ,1464,,total ,5365,,Tick ,936
fishes ,3554,,sharks ,1406,,total ,4960,,Tick ,937
fishes ,3339,,sharks ,1352,,total ,4691,,Tick ,938
fishes ,3212,,sharks ,1318,,total ,4530,,Tick ,939
fishes ,3110,,sharks ,1215,,total ,4325,,Tick ,940
fishes ,3109,,sharks ,760,,total ,3869,,Tick ,941
fishes ,2989,,sharks ,1329,,total ,4318,,Tick ,942
fishes ,2782,,sharks ,1250,,total ,4032,,Tick ,943
fishes ,2623,,sharks ,1197,,total ,3820,,Tick ,944
fishes ,2608,,sharks ,1158,,total ,3766,,Tick ,945
fishes ,2598,,sharks ,1076,,total ,3674,,Tick ,946
fishes ,2697,,sharks ,644,,total ,3341,,Tick ,947
fishes ,2738,,sharks ,1091,,total ,3829,,Tick ,948
fishes ,2740,,sharks ,999,,total ,3739,,Tick ,949
fishes ,2765,,sharks ,942,,total ,3707,,Tick ,950
fishes ,2911,,sharks ,895,,total ,3806,,Tick ,951
fishes ,3030,,sharks ,834,,total ,3864,,Tick ,952
fishes ,3284,,sharks ,479,,total ,3763,,Tick ,953
fishes ,3431,,sharks ,825,,total ,4256,,Tick ,954
fishes ,3589,,sharks ,786,,total ,4375,,Tick ,955
fishes ,3627,,sharks ,737,,total ,4364,,Tick ,956
fishes ,3886,,sharks ,715,,total ,4601,,Tick ,957
fishes ,4036,,sharks ,683,,total ,4719,,Tick ,958
fishes ,4466,,sharks ,495,,total ,4961,,Tick ,959
fishes ,4588,,sharks ,874,,total ,5462,,Tick ,960
fishes ,4851,,sharks ,835,,total ,5686,,Tick ,961
fishes ,4873,,sharks ,808,,total ,5681,,Tick ,962
fishes ,5254,,sharks ,791,,total ,6045,,Tick ,963
fishes ,5317,,sharks ,763,,total ,6080,,Tick ,964
fishes ,5750,,sharks ,587,,total ,6337,,Tick ,965
fishes ,5711,,sharks ,1092,,total ,6803,,Tick ,966
fishes ,5763,,sharks ,1079,,total ,6842,,Tick ,967
fishes ,5538,,sharks ,1059,,total ,6597,,Tick ,968
fishes ,5599,,sharks ,1035,,total ,6634,,Tick ,969
fishes ,5444,,sharks ,987,,total ,6431,,Tick ,970
fishes ,5548,,sharks ,807,,total ,6355,,Tick ,971
fishes ,5330,,sharks ,1459,,total ,6789,,Tick ,972
fishes ,5017,,sharks ,1420,,total ,6437,,Tick ,973
fishes ,4666,,sharks ,1392,,total ,6058,,Tick ,974
fishes ,4551,,sharks ,1348,,total ,5899,,Tick ,975
fishes ,4341,,sharks ,1273,,total ,5614,,Tick ,976
fishes ,4329,,sharks ,920,,total ,5249,,Tick ,977
fishes ,4113,,sharks ,1645,,total ,5758,,Tick ,978
fishes ,3806,,sharks ,1587,,total ,5393,,Tick ,979
fishes ,3506,,sharks ,1521,,total ,5027,,Tick ,980
fishes ,3441,,sharks ,1450,,total ,4891,,Tick ,981
fishes ,3306,,sharks ,1357,,total ,4663,,Tick ,982
fishes ,3327,,sharks ,871,,total ,4198,,Tick ,983
fishes ,3200,,sharks ,1478,,total ,4678,,Tick ,984
fishes ,2961,,sharks ,1422,,total ,4383,,Tick ,985
fishes ,2805,,sharks ,1356,,total ,4161,,Tick ,986
fishes ,2757,,sharks ,1297,,total ,4054,,Tick ,987
fishes ,2774,,sharks ,1206,,total ,3980,,Tick ,988
fishes ,2895,,sharks ,782,,total ,3677,,Tick ,989
fishes ,2928,,sharks ,1296,,total ,4224,,Tick ,990
fishes ,2862,,sharks ,1225,,total ,4087,,Tick ,991
fishes ,2846,,sharks ,1170,,total ,4016,,Tick ,992
fishes ,3029,,sharks ,1105,,total ,4134,,Tick ,993
fishes ,3151,,sharks ,1021,,total ,4172,,Tick ,994
fishes ,3413,,sharks ,618,,total ,4031,,Tick ,995
fishes ,3551,,sharks ,1066,,total ,4617,,Tick ,996
fishes ,3634,,sharks ,1012,,total ,4646,,Tick ,997
fishes ,3726,,sharks ,970,,total ,4696,,Tick ,998
fishes ,3890,,sharks ,919,,total ,4809,,Tick ,999
fishes ,4085,,sharks ,873,,total ,4958,,Tick ,1000
fishes ,4329,,sharks ,581,,total ,4910,,Tick ,1001
fishes ,4469,,sharks ,1023,,total ,5492,,Tick ,1002
fishes ,4450,,sharks ,987,,total ,5437,,Tick ,1003
fishes ,4482,,sharks ,954,,total ,5436,,Tick ,1004
fishes ,4615,,sharks ,920,,total ,5535,,Tick ,1005
fishes ,4685,,sharks ,892,,total ,5577,,Tick ,1006
fishes ,4833,,sharks ,661,,total ,5494,,Tick ,1007
fishes ,4834,,sharks ,1201,,total ,6035,,Tick ,1008
fishes ,4635,,sharks ,1165,,total ,5800,,Tick ,1009
fishes ,4483,,sharks ,1139,,total ,5622,,Tick ,1010
fishes ,4447,,sharks ,1106,,total ,5553,,Tick ,1011
fishes ,4422,,sharks ,1051,,total ,5473,,Tick ,1012
fishes ,4500,,sharks ,776,,total ,5276,,Tick ,1013
fishes ,4416,,sharks ,1398,,total ,5814,,Tick ,1014
fishes ,4136,,sharks ,1336,,total ,5472,,Tick ,1015
fishes ,3963,,sharks ,1279,,total ,5242,,Tick ,1016
fishes ,3900,,sharks ,1244,,total ,5144,,Tick ,1017
fishes ,3836,,sharks ,1161,,total ,4997,,Tick ,1018
fishes ,3890,,sharks ,756,,total ,4646,,Tick ,1019
fishes ,3789,,sharks ,1319,,total ,5108,,Tick ,1020
fishes ,3537,,sharks ,1252,,total ,4789,,Tick ,1021
fishes ,3362,,sharks ,1208,,total ,4570,,Tick ,1022
fishes ,3284,,sharks ,1159,,total ,4443,,Tick ,1023
fishes ,3271,,sharks ,1082,,total ,4353,,Tick ,1024
fishes ,3288,,sharks ,691,,total ,3979,,Tick ,1025
fishes ,3282,,sharks ,1180,,total ,4462,,Tick ,1026
fishes ,3190,,sharks ,1106,,total ,4296,,Tick ,1027
fishes ,3219,,sharks ,1058,,total ,4277,,Tick ,1028
fishes ,3327,,sharks ,1009,,total ,4336,,Tick ,1029
fishes ,3414,,sharks ,914,,total ,4328,,Tick ,1030
fishes ,3590,,sharks ,539,,total ,4129,,Tick ,1031
fishes ,3650,,sharks ,961,,total ,4611,,Tick ,1032
fishes ,3666,,sharks ,917,,total ,4583,,Tick ,1033
fishes ,3728,,sharks ,887,,total ,4615,,Tick ,1034
fishes ,3906,,sharks ,856,,total ,4762,,Tick ,1035
fishes ,4056,,sharks ,798,,total ,4854,,Tick ,1036
fishes ,4323,,sharks ,523,,total ,4846,,Tick ,1037
fishes ,4418,,sharks ,934,,total ,5352,,Tick ,1038
fishes ,4435,,sharks ,910,,total ,5345,,Tick ,1039
fishes ,4499,,sharks ,889,,total ,5388,,Tick ,1040
fishes ,4657,,sharks ,864,,total ,5521,,Tick ,1041
fishes ,4743,,sharks ,811,,total ,5554,,Tick ,1042
fishes ,4974,,sharks ,597,,total ,5571,,Tick ,1043
fishes ,4977,,sharks ,1050,,total ,6027,,Tick ,1044
fishes ,4958,,sharks ,1023,,total ,5981,,Tick ,1045
fishes ,4959,,sharks ,992,,total ,5951,,Tick ,1046
fishes ,5038,,sharks ,959,,total ,5997,,Tick ,1047
fishes ,5096,,sharks ,901,,total ,5997,,Tick ,1048
fishes ,5228,,sharks ,649,,total ,5877,,Tick ,1049
fishes ,5151,,sharks ,1194,,total ,6345,,Tick ,1050
fishes ,4940,,sharks ,1161,,total ,6101,,Tick ,1051
fishes ,4764,,sharks ,1132,,total ,5896,,Tick ,1052
fishes ,4747,,sharks ,1097,,total ,5844,,Tick ,1053
fishes ,4689,,sharks ,1032,,total ,5721,,Tick ,1054
fishes ,4716,,sharks ,761,,total ,5477,,Tick ,1055
fishes ,4591,,sharks ,1366,,total ,5957,,Tick ,1056
fishes ,4362,,sharks ,1336,,total ,5698,,Tick ,1057
fishes ,4162,,sharks ,1295,,total ,5457,,Tick ,1058
fishes ,4189,,sharks ,1252,,total ,5441,,Tick ,1059
fishes ,4122,,sharks ,1169,,total ,5291,,Tick ,1060
fishes ,4255,,sharks ,802,,total ,5057,,Tick ,1061
fishes ,4155,,sharks ,1361,,total ,5516,,Tick ,1062
fishes ,4057,,sharks ,1307,,total ,5364,,Tick ,1063
fishes ,3931,,sharks ,1255,,total ,5186,,Tick ,1064
fishes ,3973,,sharks ,1201,,total ,5174,,Tick ,1065
fishes ,3891,,sharks ,1119,,total ,5010,,Tick ,1066
fishes ,4003,,sharks ,707,,total ,4710,,Tick ,1067
fishes ,3888,,sharks ,1274,,total ,5162,,Tick ,1068
fishes ,3726,,sharks ,1205,,total ,4931,,Tick ,1069
fishes ,3551,,sharks ,1155,,total ,4706,,Tick ,1070
fishes ,3528,,sharks ,1111,,total ,4639,,Tick ,1071
fishes ,3527,,sharks ,1036,,total ,4563,,Tick ,1072
fishes ,3668,,sharks ,669,,total ,4337,,Tick ,1073
fishes ,3668,,sharks ,1113,,total ,4781,,Tick ,1074
fishes ,3594,,sharks ,1030,,total ,4624,,Tick ,1075
fishes ,3554,,sharks ,986,,total ,4540,,Tick ,1076
fishes ,3598,,sharks ,949,,total ,4547,,Tick ,1077
fishes ,3682,,sharks ,910,,total ,4592,,Tick ,1078
fishes ,3826,,sharks ,638,,total ,4464,,Tick ,1079
fishes ,3890,,sharks ,1149,,total ,5039,,Tick ,1080
fishes ,3855,,sharks ,1098,,total ,4953,,Tick ,1081
fishes ,3885,,sharks ,1052,,total ,4937,,Tick ,1082
fishes ,4023,,sharks ,1002,,total ,5025,,Tick ,1083
fishes ,4160,,sharks ,942,,total ,5102,,Tick ,1084
fishes ,4436,,sharks ,654,,total ,5090,,Tick ,1085
fishes ,4557,,sharks ,1205,,total ,5762,,Tick ,1086
fishes ,4521,,sharks ,1166,,total ,5687,,Tick ,1087
fishes ,4543,,sharks ,1133,,total ,5676,,Tick ,1088
fishes ,4680,,sharks ,1105,,total ,5785,,Tick ,1089
fishes ,4776,,sharks ,1044,,total ,5820,,Tick ,1090
fishes ,4953,,sharks ,723,,total ,5676,,Tick ,1091
fishes ,4916,,sharks ,1272,,total ,6188,,Tick ,1092
fishes ,4703,,sharks ,1226,,total ,5929,,Tick ,1093
fishes ,4571,,sharks ,1180,,total ,5751,,Tick ,1094
fishes ,4495,,sharks ,1149,,total ,5644,,Tick ,1095
fishes ,4440,,sharks ,1097,,total ,5537,,Tick ,1096
fishes ,4506,,sharks ,782,,total ,5288,,Tick ,1097
fishes ,4417,,sharks ,1440,,total ,5857,,Tick ,1098
fishes ,4174,,sharks ,1374,,total ,5548,,Tick ,1099
fishes ,3998,,sharks ,1312,,total ,5310,,Tick ,1100
fishes ,3931,,sharks ,1259,,total ,5190,,Tick ,1101
fishes ,3892,,sharks ,1184,,total ,5076,,Tick ,1102
fishes ,3906,,sharks ,782,,total ,4688,,Tick ,1103
fishes ,3869,,sharks ,1372,,total ,5241,,Tick ,1104
fishes ,3659,,sharks ,1314,,total ,4973,,Tick ,1105
fishes ,3566,,sharks ,1245,,total ,4811,,Tick ,1106
fishes ,3529,,sharks ,1180,,total ,4709,,Tick ,1107
fishes ,3525,,sharks ,1085,,total ,4610,,Tick ,1108
fishes ,3609,,sharks ,662,,total ,4271,,Tick ,1109
fishes ,3551,,sharks ,1189,,total ,4740,,Tick ,1110
fishes ,3343,,sharks ,1141,,total ,4484,,Tick ,1111
fishes ,3203,,sharks ,1097,,total ,4300,,Tick ,1112
fishes ,3157,,sharks ,1065,,total ,4222,,Tick ,1113
fishes ,3166,,sharks ,1007,,total ,4173,,Tick ,1114
fishes ,3227,,sharks ,679,,total ,3906,,Tick ,1115
fishes ,3229,,sharks ,1154,,total ,4383,,Tick ,1116
fishes ,3039,,sharks ,1060,,total ,4099,,Tick ,1117
fishes ,2983,,sharks ,1006,,total ,3989,,Tick ,1118
fishes ,2954,,sharks ,971,,total ,3925,,Tick ,1119
fishes ,2997,,sharks ,919,,total ,3916,,Tick ,1120
fishes ,3067,,sharks ,568,,total ,3635,,Tick ,1121
fishes ,3156,,sharks ,993,,total ,4149,,Tick ,1122
fishes ,3132,,sharks ,936,,total ,4068,,Tick ,1123
fishes ,3234,,sharks ,882,,total ,4116,,Tick ,1124
fishes ,3316,,sharks ,838,,total ,4154,,Tick ,1125
fishes ,3520,,sharks ,756,,total ,4276,,Tick ,1126
fishes ,3685,,sharks ,419,,total ,4104,,Tick ,1127
fishes ,3825,,sharks ,736,,total ,4561,,Tick ,1128
fishes ,3801,,sharks ,696,,total ,4497,,Tick ,1129
fishes ,3872,,sharks ,672,,total ,4544,,Tick ,1130
fishes ,3942,,sharks ,658,,total ,4600,,Tick ,1131
fishes ,4056,,sharks ,627,,total ,4683,,Tick ,1132
fishes ,4201,,sharks ,448,,total ,4649,,Tick ,1133
fishes ,4315,,sharks ,824,,total ,5139,,Tick ,1134
fishes ,4301,,sharks ,783,,total ,5084,,Tick ,1135
fishes ,4360,,sharks ,753,,total ,5113,,Tick ,1136
fishes ,4420,,sharks ,722,,total ,5142,,Tick ,1137
fishes ,4519,,sharks ,681,,total ,5200,,Tick ,1138
fishes ,4672,,sharks ,470,,total ,5142,,Tick ,1139
fishes ,4769,,sharks ,858,,total ,5627,,Tick ,1140
fishes ,4718,,sharks ,826,,total ,5544,,Tick ,1141
fishes ,4763,,sharks ,811,,total ,5574,,Tick ,1142
fishes ,4824,,sharks ,793,,total ,5617,,Tick ,1143
fishes ,4903,,sharks ,744,,total ,5647,,Tick ,1144
fishes ,5044,,sharks ,561,,total ,5605,,Tick ,1145
fishes ,5097,,sharks ,1018,,total ,6115,,Tick ,1146
fishes ,5004,,sharks ,986,,total ,5990,,Tick ,1147
fishes ,4974,,sharks ,957,,total ,5931,,Tick ,1148
fishes ,5039,,sharks ,930,,total ,5969,,Tick ,1149
fishes ,5120,,sharks ,886,,total ,6006,,Tick ,1150
fishes ,5195,,sharks ,649,,total ,5844,,Tick ,1151
fishes ,5197,,sharks ,1160,,total ,6357,,Tick ,1152
fishes ,5024,,sharks ,1132,,total ,6156,,Tick ,1153
fishes ,4907,,sharks ,1092,,total ,5999,,Tick ,1154
fishes ,4847,,sharks ,1051,,total ,5898,,Tick ,1155
fishes ,4843,,sharks ,1003,,total ,5846,,Tick ,1156
